{"cameraMode":{"drawMode":0,"name":"Shaded","section":"Shading Mode"},"sceneLighting":false,"audioPlay":false,"sceneViewState":{"m_AlwaysRefresh":false,"showFog":false,"showSkybox":false,"showFlares":true,"showImageEffects":true,"showParticleSystems":true,"showVisualEffectGraphs":true,"m_FxEnabled":true},"in2DMode":false,"pivot":{"x":-2.6457901000976564,"y":0.9941987991333008,"z":0.9870948791503906},"rotation":{"x":-0.12095890194177628,"y":0.8192942142486572,"z":-0.18748189508914948,"w":-0.5282450318336487},"size":12.828381538391114,"orthographic":false}